{
  "protocol_version" : "0.0.6",
  "configuration" : {
    "version" : "(6.12.0.125) (2020-02/8c552e98bd6)",
    "tlc" : "normal",
    "sigsgev" : "altstack",
    "notifications" : "kqueue",
    "architecture" : "amd64",
    "disabled_features" : "none",
    "smallconfig" : "disabled",
    "bigarrays" : "disabled",
    "softdebug" : "enabled",
    "interpreter" : "enabled",
    "llvm_support" : "0",
    "suspend" : "hybrid"
  },
  "memory" : {
    "Resident Size" : "185176064",
    "Virtual Size" : "4871344128",
    "minor_gc_time" : "361846",
    "major_gc_time" : "0",
    "minor_gc_count" : "1",
    "major_gc_count" : "0",
    "major_gc_time_concurrent" : "0"
 },
  "threads" : [
 {
    "is_managed" : false,
    "offset_free_hash" : "0xb38e38d2",
    "offset_rich_hash" : "0xb38e38d2",
    "crashed" : false,
    "native_thread_id" : "0x7000024cf000",
    "thread_info_addr" : "0x7f87e482f600",
    "thread_name" : "Finalizer",
    "ctx" : {
      "IP" : "0x7fff206e8366",
      "SP" : "0x7000024ceeb8",
      "BP" : "0x7000024cef00"
  },
    "unmanaged_frames" : [
  {
      "is_managed" : "false",
      "native_address" : "0x100827a06",
      "native_offset" : "0x00000"
   }
,
  {
      "is_managed" : "false",
      "native_address" : "0x1009c3165",
      "native_offset" : "0x00000"
   }
,
  {
      "is_managed" : "false",
      "native_address" : "0x1009c2e97",
      "native_offset" : "0x00000"
   }
,
  {
      "is_managed" : "false",
      "native_address" : "0x1008939d0",
      "native_offset" : "0x00000"
   }
,
  {
      "is_managed" : "false",
      "native_address" : "0x7fff20762d7d",
      "native_offset" : "0x00000"
   }
,
  {
      "is_managed" : "true",
      "guid" : "3A5CA755-4402-4546-90EB-498ECF91ECA6",
      "token" : "0x600146d",
      "native_offset" : "0x0",
      "filename" : "mscorlib.dll",
      "sizeofimage" : "0x472000",
      "timestamp" : "0xcfa41f27",
      "il_offset" : "0x00000"
   }
,
  {
      "is_managed" : "false",
      "native_address" : "0x1009c3dad",
      "native_offset" : "0x00000"
   }
,
  {
      "is_managed" : "false",
      "native_address" : "0x7fff2071d954",
      "native_offset" : "0x00000"
   }
,
  {
      "is_managed" : "false",
      "native_address" : "0x7fff207194a7",
      "native_offset" : "0x00000"
   }

  ]
 },
 {
    "is_managed" : false,
    "offset_free_hash" : "0x0",
    "offset_rich_hash" : "0x0",
    "crashed" : false,
    "native_thread_id" : "0x10138ce00",
    "thread_info_addr" : "0x7f87e4011a00",
    "thread_name" : "tid_103",
    "ctx" : {
      "IP" : "0x7fff206ead4e",
      "SP" : "0x7ffeef488b88",
      "BP" : "0x7ffeef488c30"
  },
    "unmanaged_frames" : [
  {
      "is_managed" : "false",
      "native_address" : "0x100827a06",
      "native_offset" : "0x00000"
   }
,
  {
      "is_managed" : "false",
      "native_address" : "0x1009c3165",
      "native_offset" : "0x00000"
   }
,
  {
      "is_managed" : "false",
      "native_address" : "0x1009c2e97",
      "native_offset" : "0x00000"
   }
,
  {
      "is_managed" : "false",
      "native_address" : "0x1008939d0",
      "native_offset" : "0x00000"
   }
,
  {
      "is_managed" : "false",
      "native_address" : "0x7fff20762d7d",
      "native_offset" : "0x00000"
   }
,
  {
      "is_managed" : "false",
      "native_address" : "0x7ffeef488a10",
      "native_offset" : "0x00000"
   }
,
  {
      "is_managed" : "false",
      "native_address" : "0x100a5dee0",
      "native_offset" : "0x00000"
   }
,
  {
      "is_managed" : "false",
      "native_address" : "0x100a75fc1",
      "native_offset" : "0x00000"
   }
,
  {
      "is_managed" : "false",
      "native_address" : "0x1009c0084",
      "native_offset" : "0x00000"
   }
,
  {
      "is_managed" : "false",
      "native_address" : "0x1009bfe8a",
      "native_offset" : "0x00000"
   }
,
  {
      "is_managed" : "false",
      "native_address" : "0x1007ed08a",
      "native_offset" : "0x00000"
   }
,
  {
      "is_managed" : "false",
      "native_address" : "0x100779178",
      "native_offset" : "0x00000"
   }
,
  {
      "is_managed" : "false",
      "native_address" : "0x7fff20738f3d",
      "native_offset" : "0x00000"
   }

  ]
 },
 {
    "is_managed" : true,
    "offset_free_hash" : "0x11a6748113",
    "offset_rich_hash" : "0x11a6748628",
    "crashed" : true,
    "native_thread_id" : "0x700004cd4000",
    "thread_info_addr" : "0x7f87e72eb000",
    "thread_name" : "tid_9903",
    "ctx" : {
      "IP" : "0x7fff206ee946",
      "SP" : "0x700004cccb48",
      "BP" : "0x700004cccb70"
  },
    "managed_frames" : [
  {
      "is_managed" : "false",
      "native_address" : "unregistered"
   }
,
  {
      "is_managed" : "true",
      "guid" : "3A5CA755-4402-4546-90EB-498ECF91ECA6",
      "token" : "0x00000",
      "native_offset" : "0x0",
      "filename" : "mscorlib.dll",
      "sizeofimage" : "0x472000",
      "timestamp" : "0xcfa41f27",
      "il_offset" : "0x00000"
   }
,
  {
      "is_managed" : "true",
      "guid" : "3A5CA755-4402-4546-90EB-498ECF91ECA6",
      "token" : "0x00000",
      "native_offset" : "0x0",
      "filename" : "mscorlib.dll",
      "sizeofimage" : "0x472000",
      "timestamp" : "0xcfa41f27",
      "il_offset" : "0x00015"
   }
,
  {
      "is_managed" : "true",
      "guid" : "6DE7AA62-4F15-4432-9FC3-0BC179F3B197",
      "token" : "0x6004287",
      "native_offset" : "0x0",
      "filename" : "System.dll",
      "sizeofimage" : "0x292000",
      "timestamp" : "0xdda024c7",
      "il_offset" : "0x0026a"
   }
,
  {
      "is_managed" : "true",
      "guid" : "6DE7AA62-4F15-4432-9FC3-0BC179F3B197",
      "token" : "0x6004487",
      "native_offset" : "0x0",
      "filename" : "System.dll",
      "sizeofimage" : "0x292000",
      "timestamp" : "0xdda024c7",
      "il_offset" : "0x00043"
   }
,
  {
      "is_managed" : "true",
      "guid" : "3A5CA755-4402-4546-90EB-498ECF91ECA6",
      "token" : "0x6001ed4",
      "native_offset" : "0x0",
      "filename" : "mscorlib.dll",
      "sizeofimage" : "0x472000",
      "timestamp" : "0xcfa41f27",
      "il_offset" : "0x00071"
   }
,
  {
      "is_managed" : "true",
      "guid" : "3A5CA755-4402-4546-90EB-498ECF91ECA6",
      "token" : "0x6001ed2",
      "native_offset" : "0x0",
      "filename" : "mscorlib.dll",
      "sizeofimage" : "0x472000",
      "timestamp" : "0xcfa41f27",
      "il_offset" : "0x00000"
   }
,
  {
      "is_managed" : "true",
      "guid" : "3A5CA755-4402-4546-90EB-498ECF91ECA6",
      "token" : "0x6001ed1",
      "native_offset" : "0x0",
      "filename" : "mscorlib.dll",
      "sizeofimage" : "0x472000",
      "timestamp" : "0xcfa41f27",
      "il_offset" : "0x0002b"
   }
,
  {
      "is_managed" : "true",
      "guid" : "6DE7AA62-4F15-4432-9FC3-0BC179F3B197",
      "token" : "0x6004286",
      "native_offset" : "0x0",
      "filename" : "System.dll",
      "sizeofimage" : "0x292000",
      "timestamp" : "0xdda024c7",
      "il_offset" : "0x00093"
   }
,
  {
      "is_managed" : "true",
      "guid" : "6DE7AA62-4F15-4432-9FC3-0BC179F3B197",
      "token" : "0x00000",
      "native_offset" : "0x0",
      "filename" : "System.dll",
      "sizeofimage" : "0x292000",
      "timestamp" : "0xdda024c7",
      "il_offset" : "0xffffffff"
   }
,
  {
      "is_managed" : "false",
      "native_address" : "unregistered"
   }
,
  {
      "is_managed" : "true",
      "guid" : "6DE7AA62-4F15-4432-9FC3-0BC179F3B197",
      "token" : "0x00000",
      "native_offset" : "0x0",
      "filename" : "System.dll",
      "sizeofimage" : "0x292000",
      "timestamp" : "0xdda024c7",
      "il_offset" : "0x00000"
   }
,
  {
      "is_managed" : "true",
      "guid" : "6DE7AA62-4F15-4432-9FC3-0BC179F3B197",
      "token" : "0x600447f",
      "native_offset" : "0x0",
      "filename" : "System.dll",
      "sizeofimage" : "0x292000",
      "timestamp" : "0xdda024c7",
      "il_offset" : "0x0003a"
   }
,
  {
      "is_managed" : "true",
      "guid" : "3A5CA755-4402-4546-90EB-498ECF91ECA6",
      "token" : "0x6001f2c",
      "native_offset" : "0x0",
      "filename" : "mscorlib.dll",
      "sizeofimage" : "0x472000",
      "timestamp" : "0xcfa41f27",
      "il_offset" : "0x00025"
   }
,
  {
      "is_managed" : "true",
      "guid" : "3A5CA755-4402-4546-90EB-498ECF91ECA6",
      "token" : "0x6001ed4",
      "native_offset" : "0x0",
      "filename" : "mscorlib.dll",
      "sizeofimage" : "0x472000",
      "timestamp" : "0xcfa41f27",
      "il_offset" : "0x00071"
   }
,
  {
      "is_managed" : "true",
      "guid" : "3A5CA755-4402-4546-90EB-498ECF91ECA6",
      "token" : "0x6001ed2",
      "native_offset" : "0x0",
      "filename" : "mscorlib.dll",
      "sizeofimage" : "0x472000",
      "timestamp" : "0xcfa41f27",
      "il_offset" : "0x00000"
   }
,
  {
      "is_managed" : "true",
      "guid" : "3A5CA755-4402-4546-90EB-498ECF91ECA6",
      "token" : "0x6001ed1",
      "native_offset" : "0x0",
      "filename" : "mscorlib.dll",
      "sizeofimage" : "0x472000",
      "timestamp" : "0xcfa41f27",
      "il_offset" : "0x0002b"
   }
,
  {
      "is_managed" : "true",
      "guid" : "3A5CA755-4402-4546-90EB-498ECF91ECA6",
      "token" : "0x00000",
      "native_offset" : "0x0",
      "filename" : "mscorlib.dll",
      "sizeofimage" : "0x472000",
      "timestamp" : "0xcfa41f27",
      "il_offset" : "0x0002a"
   }

  ],
  "unmanaged_frames" : [
 {
    "is_managed" : "false",
    "native_address" : "0x100827a06",
    "native_offset" : "0x00000"
  }
,
 {
    "is_managed" : "false",
    "native_address" : "0x1009c3165",
    "native_offset" : "0x00000"
  }
,
 {
    "is_managed" : "false",
    "native_address" : "0x1009c37da",
    "native_offset" : "0x00000"
  }
,
 {
    "is_managed" : "false",
    "native_address" : "0x100894a97",
    "native_offset" : "0x00000"
  }
,
 {
    "is_managed" : "false",
    "native_address" : "0x10082c69e",
    "native_offset" : "0x00000"
  }
,
 {
    "is_managed" : "false",
    "native_address" : "0x100893d8f",
    "native_offset" : "0x00000"
  }
,
 {
    "is_managed" : "false",
    "native_address" : "0x7fff20762d7d",
    "native_offset" : "0x00000"
  }
,
 {
    "is_managed" : "false",
    "native_address" : "unregistered"
  }
,
 {
    "is_managed" : "false",
    "native_address" : "0x7fff20672411",
    "native_offset" : "0x00000"
  }
,
 {
    "is_managed" : "false",
    "native_address" : "0x100a80f67",
    "native_offset" : "0x00000"
  }
,
 {
    "is_managed" : "false",
    "native_address" : "0x100a61def",
    "native_offset" : "0x00000"
  }
,
 {
    "is_managed" : "false",
    "native_address" : "0x100a813fe",
    "native_offset" : "0x00000"
  }
,
 {
    "is_managed" : "false",
    "native_address" : "0x100a8157f",
    "native_offset" : "0x00000"
  }
,
 {
    "is_managed" : "false",
    "native_address" : "0x100a815ba",
    "native_offset" : "0x00000"
  }
,
 {
    "is_managed" : "false",
    "native_address" : "0x100a75d8e",
    "native_offset" : "0x00000"
  }
,
 {
    "is_managed" : "false",
    "native_address" : "0x1009bd6d1",
    "native_offset" : "0x00000"
  }
,
 {
    "is_managed" : "false",
    "native_address" : "0x1009c434d",
    "native_offset" : "0x00000"
  }
,
 {
    "is_managed" : "false",
    "native_address" : "0x1009c1fbc",
    "native_offset" : "0x00000"
  }
,
 {
    "is_managed" : "true",
    "guid" : "3A5CA755-4402-4546-90EB-498ECF91ECA6",
    "token" : "0x00000",
    "native_offset" : "0x0",
    "filename" : "mscorlib.dll",
    "sizeofimage" : "0x472000",
    "timestamp" : "0xcfa41f27",
    "il_offset" : "0x00000"
  }
,
 {
    "is_managed" : "true",
    "guid" : "3A5CA755-4402-4546-90EB-498ECF91ECA6",
    "token" : "0x00000",
    "native_offset" : "0x0",
    "filename" : "mscorlib.dll",
    "sizeofimage" : "0x472000",
    "timestamp" : "0xcfa41f27",
    "il_offset" : "0x00000"
  }
,
 {
    "is_managed" : "true",
    "guid" : "6DE7AA62-4F15-4432-9FC3-0BC179F3B197",
    "token" : "0x6004287",
    "native_offset" : "0x0",
    "filename" : "System.dll",
    "sizeofimage" : "0x292000",
    "timestamp" : "0xdda024c7",
    "il_offset" : "0x00000"
  }
,
 {
    "is_managed" : "true",
    "guid" : "6DE7AA62-4F15-4432-9FC3-0BC179F3B197",
    "token" : "0x6004487",
    "native_offset" : "0x0",
    "filename" : "System.dll",
    "sizeofimage" : "0x292000",
    "timestamp" : "0xdda024c7",
    "il_offset" : "0x00000"
  }
,
 {
    "is_managed" : "true",
    "guid" : "3A5CA755-4402-4546-90EB-498ECF91ECA6",
    "token" : "0x6001ed4",
    "native_offset" : "0x0",
    "filename" : "mscorlib.dll",
    "sizeofimage" : "0x472000",
    "timestamp" : "0xcfa41f27",
    "il_offset" : "0x00000"
  }
,
 {
    "is_managed" : "true",
    "guid" : "3A5CA755-4402-4546-90EB-498ECF91ECA6",
    "token" : "0x6001ed2",
    "native_offset" : "0x0",
    "filename" : "mscorlib.dll",
    "sizeofimage" : "0x472000",
    "timestamp" : "0xcfa41f27",
    "il_offset" : "0x00000"
  }
,
 {
    "is_managed" : "true",
    "guid" : "6DE7AA62-4F15-4432-9FC3-0BC179F3B197",
    "token" : "0x00000",
    "native_offset" : "0x0",
    "filename" : "System.dll",
    "sizeofimage" : "0x292000",
    "timestamp" : "0xdda024c7",
    "il_offset" : "0x00000"
  }
,
 {
    "is_managed" : "false",
    "native_address" : "0x7fff274eda53",
    "native_offset" : "0x00000"
  }
,
 {
    "is_managed" : "false",
    "native_address" : "0x7fff274ecdee",
    "native_offset" : "0x00000"
  }
,
 {
    "is_managed" : "false",
    "native_address" : "0x7fff274ecce7",
    "native_offset" : "0x00000"
  }
,
 {
    "is_managed" : "false",
    "native_address" : "0x7fff274ef916",
    "native_offset" : "0x00000"
  }
,
 {
    "is_managed" : "false",
    "native_address" : "0x7fff20843242",
    "native_offset" : "0x00000"
  }
,
 {
    "is_managed" : "false",
    "native_address" : "0x7fff20817214",
    "native_offset" : "0x00000"
  }
,
 {
    "is_managed" : "false",
    "native_address" : "0x7fff208170f5",
    "native_offset" : "0x00000"
  }
,
 {
    "is_managed" : "false",
    "native_address" : "0x7fff2081577f",
    "native_offset" : "0x00000"
  }
,
 {
    "is_managed" : "false",
    "native_address" : "0x7fff2081475c",
    "native_offset" : "0x00000"
  }
,
 {
    "is_managed" : "false",
    "native_address" : "0x7fff2089b062",
    "native_offset" : "0x00000"
  }
,
 {
    "is_managed" : "false",
    "native_address" : "0x10380cfcc",
    "native_offset" : "0x00000"
  }
,
 {
    "is_managed" : "true",
    "guid" : "6DE7AA62-4F15-4432-9FC3-0BC179F3B197",
    "token" : "0x00000",
    "native_offset" : "0x0",
    "filename" : "System.dll",
    "sizeofimage" : "0x292000",
    "timestamp" : "0xdda024c7",
    "il_offset" : "0x00000"
  }
,
 {
    "is_managed" : "true",
    "guid" : "6DE7AA62-4F15-4432-9FC3-0BC179F3B197",
    "token" : "0x600447f",
    "native_offset" : "0x0",
    "filename" : "System.dll",
    "sizeofimage" : "0x292000",
    "timestamp" : "0xdda024c7",
    "il_offset" : "0x00000"
  }
,
 {
    "is_managed" : "true",
    "guid" : "3A5CA755-4402-4546-90EB-498ECF91ECA6",
    "token" : "0x6001f2c",
    "native_offset" : "0x0",
    "filename" : "mscorlib.dll",
    "sizeofimage" : "0x472000",
    "timestamp" : "0xcfa41f27",
    "il_offset" : "0x00000"
  }
,
 {
    "is_managed" : "true",
    "guid" : "3A5CA755-4402-4546-90EB-498ECF91ECA6",
    "token" : "0x6001ed2",
    "native_offset" : "0x0",
    "filename" : "mscorlib.dll",
    "sizeofimage" : "0x472000",
    "timestamp" : "0xcfa41f27",
    "il_offset" : "0x00000"
  }
,
 {
    "is_managed" : "false",
    "native_address" : "0x100789962",
    "native_offset" : "0x00000"
  }
,
 {
    "is_managed" : "false",
    "native_address" : "0x100998f97",
    "native_offset" : "0x00000"
  }
,
 {
    "is_managed" : "false",
    "native_address" : "0x10099f840",
    "native_offset" : "0x00000"
  }
,
 {
    "is_managed" : "false",
    "native_address" : "0x1009c3ded",
    "native_offset" : "0x00000"
  }
,
 {
    "is_managed" : "false",
    "native_address" : "0x7fff2071d954",
    "native_offset" : "0x00000"
  }
,
 {
    "is_managed" : "false",
    "native_address" : "0x7fff207194a7",
    "native_offset" : "0x00000"
  }

 ]
}
]
}